{
  "parent": "minecraft:item/generated",
  "textures": {
    "layer0": "minecraft:item/golden_apple"
  },
  "overrides": [
    {
      "predicate": {
        "custom_model_data": 1
      },
      "model": "minecraft:item/cyan_rune"
    },
    {
      "predicate": {
        "custom_model_data": 4
      },
      "model": "minecraft:item/p_poison"
    },
    {
      "predicate": {
        "custom_model_data": 5
      },
      "model": "minecraft:item/e_poison"
    },
    {
      "predicate": {
        "custom_model_data": 6
      },
      "model": "minecraft:item/n_poison"
    },
    {
      "predicate": {
        "custom_model_data": 7
      },
      "model": "minecraft:item/cyan_rune"
    }
  ]
}
