{
  "parent": "minecraft:item/generated",
  "textures": {
    "layer0": "minecraft:item/tropical_fish"
  },
  "overrides": [
    {
      "predicate": {
        "custom_model_data": 1
      },
      "model": "lobby55:item/cherry"
    },
    {
      "predicate": {
        "custom_model_data": 2
      },
      "model": "lobby55:item/four_leaf_clover"
    },
    {
      "predicate": {
        "custom_model_data": 3
      },
      "model": "lobby55:item/cherry_blossom"
    },
    {
      "predicate": {
        "custom_model_data": 4
      },
      "model": "lobby55:item/void_fruit"
    }
  ]
}
